dataset,Sample,mrr@10,ndcg@10,precision@10,recall@10,rmse,sparsity,effective_rank,norm_rmse,spectral_distance,rmse_svd
Amazon_Books,1,0.0776,0.0977,0.0173,0.1673,0.7041496651946436,0.999700376640972,0.9957537873805,1.0965527143332423,0.0617355443537235,0.6421484858781286
Amazon_Books,2,0.078,0.0964,0.0164,0.1591,0.704298756322395,0.9997075584068452,0.996161401717542,1.0903991031833318,0.0966690927743911,0.6459091485551042
Amazon_Books,3,0.0852,0.104,0.0174,0.1686,0.7067520897182988,0.9997083730622444,0.9915081399198422,1.1113052184551058,0.0820363163948059,0.6359657796809401
Amazon_Digital_Music,1,0.0698,0.0862,0.0158,0.157,0.7081502836853205,0.9986526691601496,0.9911863090229864,1.2060238179849008,0.1703196167945861,0.5871776934460066
Amazon_Digital_Music,2,0.0698,0.0862,0.0158,0.157,0.7081502836853205,0.9986526691601496,0.9911863090229864,1.2060238179849008,0.1703196167945861,0.5871776934460066
Amazon_Digital_Music,3,0.0698,0.0862,0.0158,0.157,0.7081502836853205,0.9986526691601496,0.9911863090229864,1.2060238179849008,0.1703196167945861,0.5871776934460066
Amazon_Grocery_and_Gourmet_Food,1,0.1364,0.1722,0.0293,0.2904,0.7074775762340623,0.9998046985869704,0.993768116703159,1.065604078878013,0.090480126440525,0.6639216105281557
Amazon_Grocery_and_Gourmet_Food,2,0.1398,0.1755,0.0297,0.2942,0.7069712028506394,0.9997993064812056,0.9972663294345472,1.0558564229481833,0.0533052235841751,0.6695713427367523
Amazon_Grocery_and_Gourmet_Food,3,0.1341,0.1691,0.0289,0.286,0.7076238182824852,0.9998012737566278,0.9969756835579998,1.060878365783383,0.0801019221544265,0.667016918343844
Amazon_Health_and_Personal_Care,1,0.039,0.054,0.0117,0.1144,0.7082169848609738,0.9965303130311864,0.9929532300557063,1.3662248928734124,0.1279049962759018,0.5183751141962202
Amazon_Health_and_Personal_Care,2,0.039,0.054,0.0117,0.1144,0.7082169848609738,0.9965303130311864,0.9929532300557063,1.3662248928734124,0.1279049962759018,0.5183751141962202
Amazon_Health_and_Personal_Care,3,0.039,0.054,0.0117,0.1144,0.7082169848609738,0.9965303130311864,0.9929532300557063,1.3662248928734124,0.1279049962759018,0.5183751141962202
Amazon_Movies_and_TV,1,0.1537,0.1873,0.0305,0.301,0.7050621263374371,0.9997517963986446,0.9959239918359892,1.0672879511150826,0.1620340794324875,0.6606109678281306
Amazon_Movies_and_TV,2,0.1564,0.1885,0.0299,0.2953,0.7055159290037564,0.9997504586789108,0.9956823326400204,1.0646614957978349,0.1558111906051635,0.6626668962749119
Amazon_Movies_and_TV,3,0.1583,0.1906,0.0302,0.2989,0.705399521887671,0.9997490978999252,0.9932455497302294,1.072733172443022,0.1517151892185211,0.6575722090156003
BeerAdvocate,1,0.2274,0.2503,0.0586,0.406,0.6942016643419594,0.9949817792519796,0.9856411998988216,1.5625345488165712,0.5397441387176514,0.4442792416127581
BeerAdvocate,2,0.224,0.2406,0.0614,0.3979,0.6900043607311389,0.9944849213215076,0.9844734164346192,1.5448330173925071,0.566207766532898,0.4466530382007134
BeerAdvocate,3,0.2534,0.264,0.0654,0.4206,0.6960301071511796,0.9949307255752444,0.982326273914885,1.6070265151701235,0.5306523442268372,0.4331167535698664
Behance,1,0.1642,0.2018,0.0417,0.3574,0.7012818019204029,0.9989690235306892,0.9898115933321012,1.1895510424910385,0.1156428530812263,0.5895348554794664
Behance,2,0.1659,0.2025,0.0409,0.3548,0.7024561774001298,0.9990097374263008,0.9876611560211468,1.2040140756785458,0.1597660183906555,0.5834285425643773
Behance,3,0.1763,0.2122,0.0435,0.369,0.7014899422352108,0.9989944456858696,0.991107303378577,1.194138646573014,0.1396892517805099,0.5874443007504817
DianPing,1,0.1483,0.1785,0.0333,0.2939,0.7073253209717614,0.999648896464064,0.9955631460667096,1.0804701550554068,0.0730017498135566,0.654645866581562
DianPing,2,0.1503,0.1791,0.0336,0.2933,0.70830210916102,0.9996527576869764,0.9974244072314394,1.0665013037173965,0.0928076803684234,0.6641361868871257
DianPing,3,0.1438,0.1715,0.0323,0.281,0.7080662775564363,0.9996526103049144,0.995634381844374,1.0784542788060492,0.1026031300425529,0.6565566027892555
Food,1,0.2307,0.2531,0.0475,0.3855,0.7065597563820657,0.9995661654874776,0.9927835412495256,1.1737172428441425,0.1179799288511276,0.6019846438226771
Food,2,0.2329,0.2588,0.0471,0.3894,0.7075229431449178,0.9995958077749032,0.986863694736686,1.2134245904190588,0.1242562085390091,0.5830794502858833
Food,3,0.2344,0.2593,0.0487,0.3966,0.7065978012478326,0.9995537610057688,0.9941057847821811,1.1633874959712869,0.116627886891365,0.6073623824346759
GoodReads,1,0.5385,0.3538,0.2003,0.3299,0.6914070689740691,0.99526948993992,0.9885292445275952,1.3520252510514528,0.654176652431488,0.5113862100107751
GoodReads,2,0.5182,0.3523,0.1874,0.3378,0.693996426916681,0.995299385540937,0.98680561923335,1.388002574806952,0.6346054673194885,0.4999964982148569
GoodReads,3,0.536,0.3576,0.1927,0.3454,0.6968091437522158,0.9956647240116042,0.984221341931383,1.4272092372129193,0.6177432537078857,0.4882319463633501
KDD2010-algebra2006_2007,1,0.5322,0.3523,0.2882,0.1453,0.706636097114864,0.974332641090245,0.9863941038327192,2.178938544897435,2.178825616836548,0.3243029037095335
KDD2010-algebra2006_2007,2,0.5579,0.4174,0.3367,0.1734,0.7096152113158217,0.9737381224281648,0.982464701254205,2.376108414633282,2.4356610774993896,0.2986459737887594
KDD2010-algebra2006_2007,3,0.5644,0.3741,0.3199,0.1499,0.7151333165091087,0.9755708906673096,0.9858212795663844,2.2407484142622023,2.1461503505706787,0.3191493127730613
ModCloth,1,0.23,0.2956,0.0515,0.5131,0.7272171024974137,0.991098239952125,0.9944407480921394,1.6022849625531912,0.3756404221057892,0.4538625272614528
ModCloth,2,0.23,0.2956,0.0515,0.5131,0.7272171024974137,0.991098239952125,0.9944407480921394,1.6022849625531912,0.3756404221057892,0.4538625272614528
ModCloth,3,0.23,0.2956,0.0515,0.5131,0.7272171024974137,0.991098239952125,0.9944407480921394,1.6022849625531912,0.3756404221057892,0.4538625272614528
RateBeer,1,0.3683,0.3611,0.0874,0.5019,0.6862194316080109,0.9953914354542625,0.9824416523164972,1.734968705842471,0.867631196975708,0.3955226565742548
RateBeer,2,0.3671,0.3601,0.0929,0.5051,0.6895389233336613,0.995396272283596,0.9795300196294804,1.7209899095625043,0.7716343402862549,0.4006641291168
RateBeer,3,0.3604,0.3603,0.0925,0.5153,0.6789406367154597,0.9946413798307328,0.9800675763734376,1.6953037839731082,1.0047608613967896,0.400483171885747
RentTheRunway,1,0.0974,0.1349,0.0264,0.2607,0.7055399219861807,0.9989667888922342,0.9943210393115134,1.0882523344924058,0.19895900785923,0.6483238304425656
RentTheRunway,2,0.0974,0.1349,0.0264,0.2607,0.7055399219861807,0.9989667888922342,0.9943210393115134,1.0882523344924058,0.19895900785923,0.6483238304425656
RentTheRunway,3,0.0974,0.1349,0.0264,0.2607,0.7055399219861807,0.9989667888922342,0.9943210393115134,1.0882523344924058,0.19895900785923,0.6483238304425656
Twitch-100k,1,0.4122,0.4281,0.0916,0.5951,0.6946219969638715,0.9994918120368776,0.9963871517740838,1.0548275762262294,0.2008206248283386,0.6585171004430543
Twitch-100k,2,0.398,0.4107,0.0909,0.5773,0.6929970452725942,0.999477520412946,0.996174155324925,1.05900301635655,0.2376187145709991,0.6543862808406513
Twitch-100k,3,0.4151,0.4293,0.0934,0.5994,0.6933200234005208,0.999477759892947,0.996171260019698,1.0557792753496382,0.2067432999610901,0.6566903135799069
anime,1,0.3556,0.2966,0.1063,0.412,0.671128190636755,0.9881131494409058,0.9864972291567992,1.3773606436117212,0.4917219281196594,0.4872566918108823
anime,2,0.3544,0.2963,0.0995,0.4087,0.6725017817732454,0.9881167334595792,0.9872057834653788,1.379005205039443,0.4763146638870239,0.487671677609085
anime,3,0.3879,0.3226,0.1091,0.4407,0.6693752939560189,0.9881387821404358,0.986137262502506,1.378211511179214,0.4906149208545685,0.4856840104196296
book-crossing,1,0.1655,0.1824,0.0412,0.3038,0.7082213191679425,0.9987682404723058,0.988157455255162,1.3504421459731364,0.1743358373641967,0.5244366234272066
book-crossing,2,0.1698,0.1864,0.0411,0.302,0.7071443751760595,0.9987920907671088,0.9900254148484876,1.300782098655168,0.1598633527755737,0.5436301559708969
book-crossing,3,0.1765,0.1933,0.0431,0.3127,0.7044905647447391,0.998757144547914,0.9900816107636868,1.3115542856605371,0.1713832467794418,0.5371417504003175
douban,1,0.1464,0.209,0.0428,0.4215,0.7202669803692613,0.9103652407014408,0.9764045950016116,1.7089495279785742,1.065976858139038,0.4214676727294731
douban,2,0.1473,0.2087,0.0478,0.4685,0.7161249654792862,0.90996687838039,0.976780913066893,1.6399368828584473,0.9887924194335938,0.4366783703474393
douban,3,0.1492,0.2131,0.0436,0.4291,0.7193823396256945,0.9098718060521496,0.9764606671134296,1.6669554085808802,0.9435702562332152,0.4315546390278803
epinions,1,0.0846,0.1121,0.0205,0.2039,0.7081779749045165,0.999632308489564,0.9978772067133888,1.0615278587667294,0.0632520839571952,0.6671308426396546
epinions,2,0.0846,0.1121,0.0205,0.2039,0.7081779749045165,0.999632308489564,0.9978772067133888,1.0615278587667294,0.0632520839571952,0.6671308426396546
epinions,3,0.0846,0.1121,0.0205,0.2039,0.7081779749045165,0.999632308489564,0.9978772067133888,1.0615278587667294,0.0632520839571952,0.6671308426396546
jester,1,0.2525,0.2918,0.0808,0.5255,0.6872730097146827,0.8114363512593601,0.9731039436557396,1.899396789413153,0.7740024328231812,0.3618375125963154
jester,2,0.2468,0.2846,0.0803,0.5175,0.6897861227674723,0.8116564556387565,0.9737241763811406,1.9035260448496565,0.7466526031494141,0.3623728315322067
jester,3,0.2476,0.2889,0.0817,0.5262,0.68690701400529,0.8116768776945769,0.9732966874170502,1.912925883697721,0.7790210843086243,0.3590871030912531
lastfm,1,0.6428,0.484,0.2138,0.5406,0.637531767782911,0.9947701426489398,0.976780326022143,1.16474686025317,0.596903920173645,0.5473565025488343
lastfm,2,0.6428,0.484,0.2138,0.5406,0.637531767782911,0.9947701426489398,0.976780326022143,1.16474686025317,0.596903920173645,0.5473565025488343
lastfm,3,0.6428,0.484,0.2138,0.5406,0.637531767782911,0.9947701426489398,0.976780326022143,1.16474686025317,0.596903920173645,0.5473565025488343
ml-1m,1,0.1746,0.1485,0.0559,0.2229,0.6381559241906601,0.9789294442385916,0.9785880291412272,1.280101364592216,0.815686047077179,0.4985198374458013
ml-1m,2,0.1913,0.1644,0.0646,0.2499,0.6281499876679274,0.9785188680570036,0.9769843221754492,1.2796340878655124,0.84305739402771,0.4908825058854989
ml-1m,3,0.1824,0.1584,0.0611,0.2435,0.63147898854709,0.9787018618128598,0.9775483987567954,1.278906094533903,0.8004967570304871,0.493764938056091
netflix,1,0.2337,0.2039,0.0851,0.2957,0.6520704279304027,0.9874583520744143,0.9801133158656516,1.3525846531557022,0.894056499004364,0.4820921384913421
netflix,2,0.2642,0.2139,0.0904,0.2949,0.6540465146374549,0.9875126010249248,0.9802232744038848,1.3281952155833898,0.8379403948783875,0.4924325181748037
netflix,3,0.2581,0.2172,0.0861,0.2963,0.6557274963583869,0.9884031855243154,0.9807532550007008,1.343281856516027,0.8424608111381531,0.4881533188121069
pinterest,1,0.3598,0.4436,0.0793,0.7365,0.694527987117419,0.9987873732170972,0.9951354060563268,1.0365519068782212,0.2506191730499267,0.6700368621279429
pinterest,2,0.3609,0.4438,0.0788,0.7303,0.6944942803514674,0.9987857387117453,0.9950200013271584,1.037989724021025,0.2596568167209625,0.6690762579624537
pinterest,3,0.3538,0.4368,0.0783,0.7287,0.6947035533922327,0.9987874796593452,0.9954069155317744,1.0351399096722291,0.2232816666364669,0.6711204416919896
steam,1,0.3445,0.4064,0.0658,0.627,0.7057848107242009,0.999206230171824,0.9875575781264642,1.2013443497331109,0.7370896339416504,0.587495842371088
steam,2,0.3427,0.4071,0.0664,0.635,0.706466849971438,0.9992015845749824,0.987346627231096,1.2165789535530116,0.7767699956893921,0.5806995492632894
steam,3,0.3416,0.403,0.0653,0.6225,0.7049948096253357,0.9992084561832276,0.9871967094244264,1.210180632229544,0.7740936279296875,0.5825533733146162
yahoo-music,1,0.5688,0.5604,0.149,0.747,0.6476152791315483,0.9950795883293482,0.9816372034225738,1.2834769530009589,0.4732468128204345,0.5045788143038549
yahoo-music,2,0.5765,0.5663,0.1469,0.7503,0.6490618905297376,0.9951434570747032,0.9821951658166898,1.2921653838274278,0.4568439722061157,0.5023055861527564
yahoo-music,3,0.552,0.5439,0.1444,0.7348,0.6459434297508162,0.9948082959993688,0.9814870929423256,1.2804951193558938,0.5091981291770935,0.504448177885859
yelp2022,1,0.2852,0.3372,0.0574,0.5245,0.7021497320553196,0.9998304533224994,0.997182315635416,1.0588702363650324,0.1229179948568344,0.6631121623228459
yelp2022,2,0.2885,0.3397,0.0572,0.5232,0.703098211837793,0.999832801309384,0.9942919177528582,1.062714846990512,0.0941289365291595,0.661605710910022
yelp2022,3,0.2927,0.3439,0.0575,0.5289,0.7026287022730455,0.9998329350566288,0.995077057714702,1.0599240526613598,0.1313723176717758,0.6629047623825663
